ID,Blight,Common_Rust,Gray_Leaf_Spot,Healthy
image_000001,0.42579489946365356,0.007272066082805395,0.566757321357727,0.00017567009490448982
image_000002,0.0005402747774496675,0.0002166069607483223,4.2481249693082646e-05,0.9992006421089172
image_000003,0.0021541244350373745,0.9964494705200195,0.0008905614959076047,0.0005058539099991322
image_000004,0.7989524006843567,0.0008086048765107989,0.20023895800113678,1.6551190973324026e-11
image_000005,0.00043194089084863663,0.00028832413954660296,4.88375844724942e-05,0.9992308616638184
image_000006,0.9817954897880554,2.3147391402744688e-05,0.017993023619055748,0.0001883286895463243
image_000007,0.0008231097017414868,0.9980908036231995,0.0010800861055031419,6.007151114317821e-06
image_000008,0.9449848532676697,0.000617622397840023,0.05439748242497444,3.7501321492605655e-12
image_000009,0.00023751147091388702,0.00013501066132448614,1.719105421216227e-05,0.9996103644371033
image_000010,0.028492262586951256,0.9012186527252197,0.07028907537460327,3.495427905453319e-11
image_000011,0.0006342119304463267,2.9701439416385256e-05,1.4569112863682676e-05,0.9993215799331665
image_000012,0.8010526895523071,0.0006300382665358484,0.1969061642885208,0.0014109783805906773
image_000013,0.0033290034625679255,0.0026049695443361998,0.0007269211346283555,0.9933391213417053
image_000014,0.8200616240501404,0.00017441902309656143,0.17976394295692444,3.341629906117305e-08
image_000015,0.000856483937241137,0.9979616403579712,0.0011818880448117852,1.4124283076455413e-08
image_000016,0.0007052912842482328,0.0003777536330744624,3.575137088773772e-05,0.9988811612129211
image_000017,5.985868028801633e-06,0.9999613761901855,3.27205125358887e-05,2.1954451861569228e-21
image_000018,0.0025561957154423,0.9968690276145935,0.0005746714887209237,1.0076893630639461e-07
image_000019,0.029618144035339355,0.003908293787389994,0.0026468278374522924,0.9638267159461975
image_000020,0.0012103491462767124,0.0002798171772155911,6.550905527547002e-05,0.9984443783760071
image_000021,0.000556710350792855,0.000478059722809121,0.00010244162695016712,0.9988628625869751
image_000022,0.9001752734184265,0.000418601994169876,0.09940601885318756,1.3742830162755126e-07
image_000023,0.001046338235028088,0.9977672100067139,0.0011834594188258052,3.0096928185230354e-06
image_000024,0.00038134929491207004,0.0002531411300878972,2.774658059934154e-05,0.9993377327919006
image_000025,0.42818403244018555,0.002639603102579713,0.5691761374473572,2.1737466227023106e-07
image_000026,0.652800440788269,0.0022195223718881607,0.3448216915130615,0.0001583363045938313
image_000027,0.0015245673712342978,0.9962246417999268,0.0019917478784918785,0.00025916058802977204
image_000028,0.0030140820890665054,0.9804979562759399,0.016487928107380867,2.233277844455168e-24
image_000029,0.6682010293006897,0.00012896012049168348,0.3316699266433716,5.360582203822739e-12
image_000030,4.1113817133009434e-05,0.9996153116226196,0.0003436025290284306,1.8905597087837123e-09
image_000031,0.0053521329537034035,0.0006838982808403671,0.0007611410692334175,0.993202805519104
image_000032,0.04192465916275978,0.8133888840675354,0.018571989610791206,0.12611445784568787
image_000033,0.04988503083586693,0.9259046316146851,0.020941544324159622,0.0032688118517398834
image_000034,0.8104455471038818,5.1830382290063426e-05,0.18950237333774567,3.277488360708958e-07
image_000035,0.03149661794304848,0.09542213380336761,0.0032741213217377663,0.8698071241378784
image_000036,0.0003714908962137997,0.0005247529479674995,0.00011009121953975409,0.9989936947822571
image_000037,0.976305365562439,0.0017164391465485096,0.01270128134638071,0.009276925586163998
image_000038,0.013102920725941658,0.008144964464008808,0.0018892936641350389,0.9768627882003784
image_000039,0.9586231112480164,7.236517831188394e-06,0.041352733969688416,1.6898640751605853e-05
image_000040,0.0005528760957531631,0.0001108038704842329,3.123912392766215e-05,0.9993051290512085
image_000041,0.0002715250011533499,0.9993221759796143,0.00040637131314724684,4.253994278688965e-14
image_000042,0.0029792170971632004,0.9942560791969299,0.0027220267802476883,4.270963472663425e-05
image_000043,0.0023638876155018806,0.9938780665397644,0.0037580046337097883,4.545467633201589e-15
image_000044,0.4771403670310974,1.1114069593531894e-06,0.5228585600852966,7.385276834526167e-10
image_000045,0.0008297021267935634,0.9983004927635193,0.0008698632591404021,5.411225911799988e-10
image_000046,0.002473239554092288,0.0007024563383311033,0.0003107004740741104,0.9965136647224426
image_000047,0.7734940052032471,0.011829125694930553,0.21467675268650055,5.651917334148493e-08
image_000048,0.0006907893694005907,0.0001402027119183913,2.48779178946279e-05,0.9991440773010254
image_000049,0.9055467247962952,0.0005355389439500868,0.09305888414382935,0.0008588195778429508
image_000050,0.25812721252441406,2.347089503018651e-05,0.7418493032455444,2.134639354167689e-09
image_000051,0.0014521310804411769,0.989441990852356,0.009105930104851723,3.392093550491637e-11
image_000052,0.876939594745636,0.00023310260439757258,0.12282729893922806,7.1338083010297204e-12
image_000053,2.252480226161424e-05,0.999836802482605,0.00014059405657462776,1.4465774618888269e-19
image_000054,0.00020984475850127637,0.9986918568611145,0.0010983163956552744,4.099437178560392e-23
image_000055,0.8405172228813171,0.02373858168721199,0.13389205932617188,0.0018521497258916497
image_000056,0.001435052021406591,0.0005938123795203865,0.00015706666454207152,0.9978140592575073
image_000057,0.00016713669174350798,0.0002426898863632232,2.4429109544144012e-05,0.9995657801628113
image_000058,0.0044570318423211575,0.0015378330135717988,0.0005092197679914534,0.9934959411621094
image_000059,4.196932786726393e-05,0.9996737241744995,0.00028435143758542836,3.317050816962694e-14
image_000060,0.00033633052953518927,0.00012225209502503276,1.735023397486657e-05,0.9995241165161133
image_000061,0.001189592992886901,0.9980613589286804,0.000736839254386723,1.2220311873534229e-05
image_000062,0.6466769576072693,0.06393420696258545,0.1605968177318573,0.12879198789596558
image_000063,0.9651216864585876,0.00012418410915415734,0.0347541943192482,8.747976232292842e-10
image_000064,0.9257521629333496,0.00016391696408391,0.07401300966739655,7.0922018494457e-05
image_000065,0.013527296483516693,0.9706263542175293,0.015846362337470055,1.351759502943306e-11
image_000066,0.000701169774401933,0.0007663600263185799,0.00010324801405658945,0.9984292387962341
image_000067,0.6685686707496643,0.001177754020318389,0.3275673985481262,0.0026861715596169233
image_000068,0.718884289264679,0.0008736609597690403,0.28024208545684814,1.3015641702082141e-20
image_000069,6.698469223920256e-05,0.9998944997787476,3.853601810988039e-05,5.5999061182331604e-21
image_000070,0.012592473067343235,0.9586095213890076,0.006455316208302975,0.02234279364347458
image_000071,0.617784857749939,0.0013996039051562548,0.3807827830314636,3.2769930840004236e-05
image_000072,0.6520787477493286,2.3802915620763088e-06,0.34791499376296997,3.910628947778605e-06
image_000073,0.7418039441108704,9.105796380026732e-06,0.2576477825641632,0.0005392483435571194
image_000074,0.7659363150596619,0.00022216595243662596,0.23309853672981262,0.0007430476834997535
image_000075,0.1055566668510437,0.7164554595947266,0.17798785865306854,1.731089938061814e-08
image_000076,0.21706414222717285,0.6591289043426514,0.12380702048540115,1.0385398460264691e-13
image_000077,0.0018696446204558015,0.9975214600563049,0.0006010444485582411,7.892755093052983e-06
image_000078,0.10996320843696594,0.006291844416409731,0.009617593139410019,0.8741273880004883
image_000079,0.002076692646369338,0.0003713495971169323,0.0001707417395664379,0.9973811507225037
image_000080,0.000293316668830812,0.9986995458602905,0.0010071195429190993,3.4730692199075546e-26
image_000081,0.8197466731071472,0.11062707006931305,0.012561401352286339,0.057064831256866455
image_000082,0.5378556847572327,0.00014946704322937876,0.46199479699134827,9.818642969991177e-18
image_000083,0.2981116473674774,0.00018661192734725773,0.7015401721000671,0.0001615812798263505
image_000084,0.6761760115623474,0.00012520392192527652,0.3234807550907135,0.00021803176787216216
image_000085,0.00011959174298681319,0.998637855052948,0.0012424361193552613,8.170501646783152e-17
image_000086,0.5566139221191406,0.06971407681703568,0.3736719787120819,4.924376462156488e-10
image_000087,0.00017509506142232567,0.9991899132728577,0.0006350076873786747,2.2092217015444087e-20
image_000088,0.8218140006065369,0.0043348162434995174,0.08838646858930588,0.08546469360589981
image_000089,0.0005205579800531268,0.999117910861969,0.0001946114789461717,0.00016686849994584918
image_000090,0.19799965620040894,0.6746287941932678,0.12737159430980682,2.759208861391471e-08
image_000091,8.366712427232414e-05,0.9998138546943665,0.00010251031926600263,2.626287728957344e-11
image_000092,0.937714695930481,0.0035486735869199038,0.0587364062666893,1.9172377108134242e-07
image_000093,0.931584358215332,1.5437461115652695e-05,0.06840018182992935,5.164496830190046e-09
image_000094,0.0006248161080293357,0.00010936147009488195,1.94015956367366e-05,0.9992464780807495
image_000095,0.07344389706850052,0.8118307590484619,0.00980265811085701,0.1049228236079216
image_000096,0.00048425121349282563,0.00011194483522558585,4.896630343864672e-05,0.9993547797203064
image_000097,0.03876744583249092,0.8579311370849609,0.10330141335725784,5.568435888105949e-16
image_000098,0.2966114282608032,0.001123563852161169,0.7022649645805359,3.569814444048802e-10
image_000099,0.0014976157108321786,0.00010339620348531753,2.985174796776846e-05,0.9983691573143005
image_000100,0.3343813717365265,0.23910671472549438,0.06605057418346405,0.3604612350463867
image_000101,0.006838356610387564,0.0055540865287184715,0.0010097827762365341,0.9865977764129639
image_000102,5.5209191486937925e-05,0.00015127196093089879,4.960844307788648e-06,0.9997885823249817
image_000103,0.0012157653691247106,0.9958515167236328,0.0029327035881578922,3.3298670353183735e-13
image_000104,0.4076036512851715,0.506599485874176,0.07687290757894516,0.008923887275159359
image_000105,0.5898623466491699,0.00026331222034059465,0.4098685681819916,5.758567112934543e-06
image_000106,0.3462165594100952,0.002109843073412776,0.6516735553741455,2.799477039072684e-10
image_000107,0.6558015942573547,2.6795718440553173e-05,0.34417158365249634,1.3812727350792642e-10
image_000108,0.8841003775596619,2.107988257193938e-05,0.11587855219841003,1.0734656910658773e-14
image_000109,0.00013565733388531953,0.0005248776287771761,3.5499942896422e-05,0.999303936958313
image_000110,0.3655657172203064,0.5840721130371094,0.05036209896206856,6.052436418713114e-08
image_000111,0.7117129564285278,0.00839728768914938,0.2798897922039032,1.1393699317352457e-08
image_000112,0.0007161868852563202,0.00011211149103473872,6.470107473433018e-05,0.9991069436073303
image_000113,0.8723043203353882,0.02235397882759571,0.10528788715600967,5.38378517376259e-05
image_000114,0.0008853223407641053,0.9982404708862305,0.0006038427818566561,0.00027040077839046717
image_000115,0.1525915563106537,4.1710020013852045e-05,0.8473667502403259,1.1450181081062993e-12
image_000116,0.925745964050293,2.9341113986447453e-05,0.07422470301389694,4.428512223597636e-09
image_000117,0.14266039431095123,0.005055273417383432,0.8522842526435852,1.5190685515031888e-11
image_000118,0.006689478177577257,0.002827918855473399,0.0009168601827695966,0.9895657300949097
image_000119,0.41879820823669434,0.0004143330152146518,0.5807874202728271,1.084414502638964e-11
image_000120,0.006205462850630283,0.0009011063375510275,0.0014022025279700756,0.9914912581443787
image_000121,0.04669921100139618,0.00010170738823944703,0.9531991481781006,1.2031688978453303e-09
image_000122,0.8641757965087891,3.337660018587485e-05,0.13579057157039642,1.548328327771742e-07
image_000123,0.0030103959143161774,0.0012122602201998234,0.00027249386766925454,0.9955049157142639
image_000124,0.574408769607544,0.15670344233512878,0.26888781785964966,8.155743635995805e-09
image_000125,0.0007680538110435009,0.00022901232296135277,6.560255133081228e-05,0.9989373087882996
image_000126,0.34874171018600464,0.0022536590695381165,0.6490046381950378,1.1327179157746142e-13
image_000127,0.0007500123465433717,0.0001593229826539755,7.309232751140371e-05,0.999017596244812
image_000128,0.00021183548960834742,0.9990925788879395,0.0006955609424039721,7.2878680867916046e-09
image_000129,0.7144410014152527,5.608173069049371e-06,0.285465806722641,8.766746759647503e-05
image_000130,0.06806620955467224,0.9213657975196838,0.010310736484825611,0.0002573081001173705
image_000131,0.9553226828575134,0.0004540299123618752,0.044198762625455856,2.4457154722767882e-05
image_000132,0.34249407052993774,0.1678558588027954,0.48965004086494446,8.166484155580633e-10
image_000133,0.8027535676956177,0.0007002768688835204,0.19654615223407745,6.592533593682837e-13
image_000134,0.000281231856206432,0.9993016719818115,0.0004166429862380028,4.318983712892077e-07
image_000135,0.00035374847357161343,8.20611821836792e-05,2.4441802452201955e-05,0.9995397329330444
image_000136,0.03496324270963669,0.0027789606247097254,0.005605124868452549,0.9566527009010315
image_000137,0.6453593373298645,0.10338388383388519,0.2465272694826126,0.004729503765702248
image_000138,0.7588719725608826,0.021597225219011307,0.21953077614307404,2.0112214116352334e-08
image_000139,0.0026978712994605303,0.9873746037483215,0.009927583858370781,1.5980099865977107e-14
image_000140,0.0003063190961256623,0.00039194035343825817,2.818467328324914e-05,0.9992735981941223
image_000141,0.0005074122454971075,0.9989173412322998,0.0005752882570959628,8.490174167007092e-13
image_000142,0.0011210727971047163,0.997869610786438,0.0010046217357739806,4.8151555347430985e-06
image_000143,0.7168682813644409,0.009154170751571655,0.27396121621131897,1.620649709366262e-05
image_000144,0.9591454267501831,5.7575482060201466e-05,0.04079701751470566,3.786918966342673e-13
image_000145,0.893539547920227,0.004554602783173323,0.0951804593205452,0.0067254020832479
image_000146,0.00127936783246696,0.00014756157179363072,8.239751332439482e-05,0.9984906911849976
image_000147,0.00026607298059388995,0.9992049336433411,0.000528620439581573,3.638282635165524e-07
image_000148,0.7905097603797913,0.0001125820999732241,0.20937764644622803,3.959256459197622e-15
image_000149,0.7402827143669128,0.05155526101589203,0.20784102380275726,0.00032107459264807403
image_000150,0.0019110566936433315,0.9935222268104553,0.00456507271155715,1.6785739944680245e-06
image_000151,0.0010718429693952203,0.001165452878922224,0.0001242457510670647,0.997638463973999
image_000152,0.15282432734966278,0.00041147944284603,0.8465901017189026,0.00017411202134098858
image_000153,0.5778971910476685,0.001155880861915648,0.42094698548316956,5.086311372082264e-10
image_000154,0.002568964846432209,0.9889278411865234,0.008503204211592674,1.5981455048219573e-09
image_000155,0.12127000093460083,0.8014817237854004,0.07724817097187042,1.9872655343533552e-07
image_000156,0.0002740150084719062,0.9983963370323181,0.0013296876568347216,1.6725749745708646e-13
image_000157,0.0008661169558763504,0.9979985356330872,0.0010577492648735642,7.759154686937109e-05
image_000158,0.00079893454676494,0.00046291202306747437,0.0001351581304334104,0.9986030459403992
image_000159,7.21436517778784e-05,0.9997221827507019,0.00020570147898979485,9.882510088043972e-11
image_000160,0.0014166247565299273,0.0009922637837007642,0.00011929773609153926,0.997471809387207
image_000161,0.785820484161377,0.004325228743255138,0.2098403126001358,1.3965363905299455e-05
image_000162,0.00020195655815768987,0.0008400832884944975,7.811644172761589e-05,0.9988798499107361
image_000163,0.0014880794333294034,0.00041555441566742957,0.00010732057853601873,0.9979890584945679
image_000164,0.521335780620575,5.467241498990916e-05,0.4765266478061676,0.0020828852429986
image_000165,0.8927779793739319,7.500748324673623e-05,0.1071469709277153,2.0283057731215054e-14
image_000166,0.01949658803641796,0.9798544049263,0.0006489595398306847,5.4912806940476955e-11
image_000167,0.0011345460079610348,0.9956901669502258,0.0031752893701195717,7.131826054197765e-13
image_000168,0.7519876956939697,0.041356708854436874,0.13966409862041473,0.06699146330356598
image_000169,0.003471765900030732,0.0036236331798136234,0.0005515769589692354,0.9923530220985413
image_000170,0.0038364699576050043,0.9921789169311523,0.003951180726289749,3.3504897146485746e-05
image_000171,0.9871270656585693,0.0001355302520096302,0.012737403623759747,1.1761478901917144e-08
image_000172,0.9614569544792175,0.004635273944586515,0.03382056951522827,8.72274613357149e-05
image_000173,0.0131307914853096,7.388718586298637e-06,0.9868618249893188,3.297297212760629e-32
image_000174,0.00023010057338979095,0.9993908405303955,0.00037912503466941416,1.5635317476489496e-13
image_000175,0.7026432752609253,0.01917102187871933,0.26166656613349915,0.01651911810040474
image_000176,0.0008250768878497183,0.9985798597335815,0.0005950224003754556,4.158253186226091e-10
image_000177,0.0010837563313543797,0.00039508347981609404,0.00016306739416904747,0.9983580708503723
image_000178,0.007404123432934284,0.002747773192822933,0.0007595601491630077,0.9890885353088379
image_000179,0.6541634202003479,0.012754691764712334,0.33290088176727295,0.0001809689129004255
image_000180,0.042611222714185715,0.9507951736450195,0.0065934625454247,2.6911945383290004e-07
image_000181,0.000896089943125844,0.0003526686632540077,0.00010538892092881724,0.9986458420753479
image_000182,0.7439225912094116,0.0002020571700995788,0.2558753788471222,8.379042348849453e-09
image_000183,0.9797490239143372,2.1164058125577867e-05,0.02022983506321907,1.530748591034234e-13
image_000184,0.10661966353654861,0.0008572143851779401,0.8925231099128723,1.1206535916255533e-12
image_000185,0.13153798878192902,0.7514064311981201,0.02431371621787548,0.09274185448884964
image_000186,0.0016532409936189651,0.002127367537468672,0.0002621373569127172,0.9959571957588196
image_000187,0.20505227148532867,0.014398704282939434,0.036972206085920334,0.7435767650604248
image_000188,0.028200967237353325,0.958740770816803,0.013058322481811047,1.3305602453161924e-10
image_000189,0.6726405620574951,0.003647144418209791,0.32368648052215576,2.5847468350548297e-05
image_000190,0.3587307035923004,0.026870140805840492,0.037611089646816254,0.576788067817688
image_000191,0.279866099357605,0.3978295922279358,0.32230421900749207,2.3977621728056297e-17
image_000192,0.6402906775474548,0.006745470687747002,0.35294267535209656,2.1188572645769455e-05
image_000193,0.0009542172774672508,0.0005939712282270193,4.0063398046186194e-05,0.9984117746353149
image_000194,0.010302967391908169,0.0006921172025613487,0.0004481905198190361,0.9885567426681519
image_000195,0.004326775670051575,0.002028863877058029,0.0004021248023491353,0.9932422041893005
image_000196,0.29311293363571167,0.1952013224363327,0.5116857290267944,6.250205908386874e-11
image_000197,0.0007341874297708273,0.0002489413018338382,8.387969864998013e-05,0.9989330172538757
image_000198,0.0060933125205338,0.9646419286727905,0.029264772310853004,1.1743737772947635e-19
image_000199,0.6097301840782166,0.0018438639817759395,0.38048258423805237,0.007943352684378624
image_000200,0.0003775106160901487,0.0010536700719967484,0.0002283504873048514,0.9983404874801636
image_000201,0.0025652896147221327,0.9945864677429199,0.0028482512570917606,6.500591037683634e-11
image_000202,0.01375160738825798,0.9842153191566467,0.002013474702835083,1.963004979188554e-05
image_000203,0.26323455572128296,0.5554316639900208,0.11447121948003769,0.06686253100633621
image_000204,0.4480624794960022,0.3254697024822235,0.22646775841712952,3.6860709695326916e-15
image_000205,0.6748392581939697,0.0008074468350969255,0.32355037331581116,0.0008029064629226923
image_000206,0.0041755917482078075,0.986480176448822,0.009343200363218784,1.0116318662767299e-06
image_000207,0.00036651763366535306,0.9995693564414978,6.408215995179489e-05,1.870748222998486e-09
image_000208,0.861206591129303,0.018315812572836876,0.12046288698911667,1.4691567230329383e-05
image_000209,0.6963542103767395,0.0017765515949577093,0.3018692433834076,1.9981362053108061e-22
image_000210,0.34884265065193176,0.0016635460779070854,0.6494879126548767,5.891298314963933e-06
image_000211,0.7914584279060364,0.018086539581418037,0.1904318481683731,2.306939677509945e-05
image_000212,0.490611732006073,0.10867030918598175,0.4006749987602234,4.2980336729669943e-05
image_000213,0.6932398080825806,0.0005836063646711409,0.3061766028404236,4.093561756235431e-08
image_000214,0.00509325135499239,0.003455673810094595,0.001286083715967834,0.9901649355888367
image_000215,0.5972740054130554,0.27395278215408325,0.06130243092775345,0.06747081875801086
image_000216,0.03379727900028229,0.0013501960784196854,0.0038088064175099134,0.961043655872345
image_000217,0.3384683132171631,0.0023986047599464655,0.6591331362724304,1.8866556317220784e-08
image_000218,0.6194167733192444,0.31722864508628845,0.06333669275045395,1.7913700503413565e-05
image_000219,0.004432710353285074,0.011124926619231701,0.0003270248125772923,0.9841153621673584
image_000220,0.07382294535636902,0.0017289238749071956,0.0028717773966491222,0.9215763211250305
image_000221,0.6918708682060242,0.025310249999165535,0.28281882405281067,2.253192121770553e-08
image_000222,0.005339396186172962,0.0033824394922703505,0.00035823698271997273,0.9909199476242065
image_000223,0.8136894702911377,0.0008701905026100576,0.18543075025081635,9.566619155521039e-06
image_000224,0.0024500524159520864,0.00026145679294131696,5.000198871130124e-05,0.9972385168075562
image_000225,0.0006003148737363517,0.00033270264975726604,7.524850661866367e-05,0.9989917874336243
image_000226,0.8851808309555054,5.4769907364971004e-06,0.11481314152479172,5.554363156079489e-07
image_000227,0.0003701556706801057,0.0006310311146080494,8.81737214513123e-05,0.998910665512085
image_000228,0.00023067404981702566,0.9988821148872375,0.0008872848120518029,9.984884447034048e-11
image_000229,0.000834817357826978,0.998814582824707,0.00035069495788775384,4.858308599864358e-08
image_000230,0.0007986921118572354,1.6499894627486356e-05,5.7142773584928364e-05,0.9991276860237122
image_000231,0.9167156219482422,0.0019078707555308938,0.0813765823841095,5.042307460456641e-09
image_000232,0.6677929759025574,0.00011372004519216716,0.3320930302143097,3.182525745160092e-07
image_000233,0.010806872509419918,0.9796380400657654,0.008830878883600235,0.0007241496350616217
image_000234,0.8342460989952087,0.008444252423942089,0.15727664530277252,3.305306381662376e-05
image_000235,0.00021701997320633382,0.9994908571243286,0.00029217047267593443,1.6254923570301587e-16
image_000236,0.00032759419991634786,0.00021471103536896408,3.820929123321548e-05,0.9994194507598877
image_000237,0.3774329423904419,0.006209277547895908,0.6163578033447266,6.11475936551642e-09
image_000238,0.9379929900169373,0.0005410691956058145,0.058289870619773865,0.003176092403009534
image_000239,0.32932180166244507,3.107308657490648e-05,0.6706470847129822,4.653757934569569e-11
image_000240,0.0014954516664147377,0.000804095296189189,0.0002224109339294955,0.9974780678749084
image_000241,0.0011325960513204336,0.9987179040908813,0.00014903632109053433,4.180681685284071e-07
image_000242,0.004839657340198755,0.002062871353700757,0.0004496247274801135,0.9926478862762451
image_000243,0.007085353136062622,0.9464325904846191,0.04648210480809212,1.200807899295886e-12
image_000244,0.0002570460783317685,0.999300479888916,0.00044215627713128924,2.1964594054679765e-07
image_000245,0.0047792913392186165,0.0008693259442225099,0.0005661577451974154,0.9937852621078491
image_000246,0.5405659675598145,0.00024252697767224163,0.4591915011405945,1.680652950142303e-08
image_000247,0.0012112659169360995,0.9976733326911926,0.0011152474908158183,1.2639709723316628e-07
image_000248,0.01870855502784252,0.9778276085853577,0.0026339213363826275,0.0008299461915157735
image_000249,0.0027845685835927725,0.0011498484527692199,0.000459992210380733,0.9956055283546448
image_000250,0.0373624823987484,0.9013960361480713,0.06124143302440643,2.0149496358482134e-16
image_000251,0.005139526911079884,0.9920927882194519,0.002574523678049445,0.00019308946502860636
image_000252,0.8294514417648315,0.0005192403914406896,0.16997398436069489,5.540797792491503e-05
image_000253,0.9955477714538574,3.986172487202566e-06,0.0044477554038167,4.2292535340493487e-07
image_000254,0.00021862522407900542,0.0005383013631217182,8.33537123980932e-05,0.9991596937179565
image_000255,0.8183020353317261,5.850884917890653e-05,0.1816081404685974,3.131382618448697e-05
image_000256,0.787990927696228,0.0025710612535476685,0.2094009667634964,3.7000427255406976e-05
image_000257,0.007829299196600914,0.002543361857533455,0.0015624439110979438,0.9880649447441101
image_000258,0.002343138214200735,0.0032925016712397337,0.00046554935397580266,0.9938987493515015
image_000259,0.8867666721343994,0.002599747385829687,0.11063350737094879,7.391993506189465e-08
image_000260,0.09133842587471008,0.00410919776186347,0.006951623130589724,0.8976007699966431
image_000261,0.02002863399684429,0.9430990815162659,0.03687224164605141,9.191438842676147e-13
image_000262,0.0011696184519678354,0.0008372256997972727,0.00040686552529223263,0.9975862503051758
image_000263,0.0004987564170733094,0.0004119256045669317,0.00010269202903145924,0.9989866614341736
image_000264,0.00034934678114950657,0.00013455514272209257,3.5164430300937966e-05,0.9994809031486511
image_000265,0.9845644235610962,0.0020250643137842417,0.01077248714864254,0.0026380415074527264
image_000266,0.00019709745538420975,0.00010663439752534032,2.9549044484156184e-05,0.999666690826416
image_000267,7.970380102051422e-05,0.9995802044868469,0.00034003809560090303,8.098746960604267e-14
image_000268,0.8409820795059204,0.005606811493635178,0.1533377319574356,7.333237590501085e-05
image_000269,0.0005891328328289092,0.0006037566345185041,4.063142478116788e-05,0.9987665414810181
image_000270,0.015058423392474651,0.0004547004646155983,0.002159927971661091,0.982326865196228
image_000271,0.8133979439735413,0.10256193578243256,0.06726615130901337,0.016773877665400505
image_000272,0.011179337278008461,0.9831181764602661,0.005692603066563606,9.915777809510473e-06
image_000273,0.0006968688685446978,0.9973123073577881,0.0019907704554498196,4.520215798886618e-12
image_000274,0.9162306189537048,0.003232840681448579,0.07974953949451447,0.0007870129775255919
image_000275,0.4255310297012329,0.17934229969978333,0.39512667059898376,4.0356828989729365e-09
image_000276,2.309763294761069e-05,0.9999092817306519,6.75339178997092e-05,4.215458006533862e-14
image_000277,0.0014094237703830004,0.9930423498153687,0.005548194982111454,2.4580196462960753e-22
image_000278,0.5377739667892456,0.00016477724420838058,0.46206116676330566,1.100211761695391e-07
image_000279,0.00010900951747316867,0.000620337319560349,5.843529288540594e-05,0.9992121458053589
image_000280,8.837050700094551e-05,0.9997003078460693,0.00021124613704159856,7.134235424643975e-10
image_000281,0.0003543556958902627,0.00014023655967321247,3.05839093925897e-05,0.999474823474884
image_000282,0.925901472568512,8.514064575138036e-06,0.0740898996591568,1.0004893624682154e-07
image_000283,0.0008660261519253254,0.00025534461019560695,4.4064228859497234e-05,0.9988345503807068
image_000284,0.8907826542854309,0.00034655132913030684,0.06705231964588165,0.041818421334028244
image_000285,0.00037977274041622877,0.00011335508315823972,2.896422302001156e-05,0.9994779229164124
image_000286,0.8971816301345825,0.00019333415548317134,0.1023232564330101,0.00030170573154464364
image_000287,0.0033182010520249605,0.0008899813401512802,0.00018330334569327533,0.9956085085868835
image_000288,0.6641392707824707,0.09370189160108566,0.24215875566005707,6.669976237994035e-10
image_000289,0.02457331493496895,0.003330131294205785,0.001875783782452345,0.9702207446098328
image_000290,0.007603498175740242,0.9748408794403076,0.017555586993694305,5.1806705626822325e-12
image_000291,0.011878110468387604,0.0024886764585971832,0.0013810342643409967,0.9842521548271179
image_000292,0.00010364716581534594,0.9998107552528381,8.543746662326157e-05,8.733023548757046e-08
image_000293,0.40515202283859253,0.32837578654289246,0.266472190618515,9.495021169834146e-19
image_000294,9.256018529413268e-05,0.999408483505249,0.000498955138027668,3.2921174675237808e-09
image_000295,0.022496219724416733,0.0061809588223695755,0.0020966222509741783,0.9692261815071106
image_000296,0.001569553161971271,0.0006489483639597893,0.00013036093150731176,0.9976511597633362
image_000297,0.9923726320266724,0.0008362266817130148,0.006787802092730999,3.360099299243302e-06
image_000298,0.004625313449651003,0.9927536845207214,0.0023385880049318075,0.0002824286057148129
image_000299,0.002227531047537923,0.0010558111825957894,5.452145342133008e-05,0.9966621398925781
image_000300,0.13491365313529968,0.00042802997631952167,0.00134659418836236,0.8633117079734802
image_000301,0.003209817223250866,0.003930772189050913,0.0005444937851279974,0.9923149943351746
image_000302,0.00019664524006657302,0.9990094900131226,0.000793915765825659,6.007881981540359e-23
image_000303,0.4125567078590393,0.002388348802924156,0.5850549340248108,1.4643597071690648e-14
image_000304,0.7228873372077942,0.009422851726412773,0.26768919825553894,6.375369707711798e-07
image_000305,0.9937936067581177,0.00030632634297944605,0.005043230950832367,0.000856734171975404
image_000306,0.3089747726917267,9.301468708144967e-06,0.6910159587860107,1.6978646044663037e-08
image_000307,0.5426878929138184,0.00029726760112680495,0.457014799118042,6.864588009136696e-09
image_000308,0.003906717523932457,0.002384297549724579,0.0014820763608440757,0.9922269582748413
image_000309,0.0006409460911527276,0.00043832158553414047,6.680837395833805e-05,0.9988539218902588
image_000310,0.6065161228179932,0.001471709692850709,0.3918815851211548,0.0001306056510657072
image_000311,0.0006356086814776063,0.0006761394906789064,8.332046127179638e-05,0.998604953289032
image_000312,0.0009480150183662772,0.00015849781630095094,4.6292730985442176e-05,0.9988471269607544
image_000313,0.9479016065597534,0.00048481597332283854,0.05157588794827461,3.7719120882684365e-05
image_000314,0.5280807018280029,4.551132951746695e-05,0.4718708395957947,3.020382337126648e-06
image_000315,4.776822970598005e-05,0.9998095631599426,0.00014221720630303025,4.5496463485505956e-07
image_000316,0.7837386131286621,0.0017390080029144883,0.21452243626117706,6.8578038213418235e-12
image_000317,0.7477561235427856,0.002411808352917433,0.19047026336193085,0.059361737221479416
image_000318,0.9487107992172241,0.004065266344696283,0.04722393676638603,1.1856364848239487e-11
image_000319,0.0010756936389952898,0.9983108043670654,0.0006134459981694818,6.552935548787692e-14
image_000320,0.0015274868346750736,0.0008214919944293797,0.0003412140940781683,0.9973098039627075
image_000321,0.7743154764175415,0.023459993302822113,0.17001067101955414,0.03221379220485687
image_000322,0.816525399684906,4.298585918149911e-05,0.18343116343021393,3.5936380982093397e-07
image_000323,0.8865107297897339,0.00036317724152468145,0.11310391873121262,2.2136931875138544e-05
image_000324,9.634807793190703e-05,0.9992528557777405,0.0006507760845124722,1.4416463022152744e-19
image_000325,0.004497200716286898,0.0029169153422117233,0.0013486591633409262,0.9912372827529907
image_000326,0.002002506982535124,0.001270018401555717,0.000252568133873865,0.9964749217033386
image_000327,0.00037096859887242317,0.0006295769708231091,0.00017660566663835198,0.9988228678703308
image_000328,0.0036230466794222593,0.00019848236115649343,0.00022289768094196916,0.9959555864334106
image_000329,0.5363856554031372,0.0009598845499567688,0.4626421630382538,1.2291278835618868e-05
image_000330,0.01608823798596859,0.979989230632782,0.0038165822625160217,0.00010582130926195532
image_000331,0.00020599772688001394,0.9994934797286987,0.0002992314111907035,1.3131690366208204e-06
image_000332,0.0008921021362766623,0.9984903335571289,0.0006175705348141491,8.892848263331032e-11
image_000333,0.7124500274658203,0.0005483666900545359,0.2806512415409088,0.006350375711917877
image_000334,0.0005966853932477534,0.0006044729962013662,0.00014324190851766616,0.9986555576324463
image_000335,0.03468819335103035,0.012043319642543793,0.007533778436481953,0.9457346796989441
image_000336,0.002174133900552988,0.9964753985404968,0.0010913627920672297,0.0002592124801594764
image_000337,0.003577790455892682,0.00202846247702837,0.0006719036609865725,0.9937217831611633
image_000338,0.15269041061401367,8.252109182649292e-06,0.8473013639450073,6.221156809106329e-14
image_000339,0.008777473121881485,0.0014124625595286489,0.0011886961292475462,0.9886214137077332
image_000340,0.44347429275512695,0.00017277414735872298,0.5563435554504395,9.347637387691066e-06
image_000341,0.032313570380210876,0.9572026133537292,0.010475453920662403,8.439330485998653e-06
image_000342,0.793010950088501,0.031729526817798615,0.14316491782665253,0.03209453076124191
image_000343,0.9644222259521484,0.0005643769982270896,0.03500020503997803,1.3236538507044315e-05
image_000344,0.19452811777591705,0.6696453094482422,0.07765504717826843,0.05817154049873352
image_000345,0.0033107325434684753,0.9933794736862183,0.0033096023835241795,1.6908130362480733e-07
image_000346,0.018226608633995056,0.972730815410614,0.006887521594762802,0.002155096735805273
image_000347,0.001351972809061408,0.000481653114547953,6.207804108271375e-05,0.9981042146682739
image_000348,0.7170664668083191,0.00031717028468847275,0.28261640667915344,2.6932320262851306e-10
image_000349,0.9715272188186646,6.93707852406078e-06,0.02846578136086464,8.772299509018922e-08
image_000350,0.9895398020744324,1.8498357121643494e-06,0.010450541041791439,7.745065886410885e-06
image_000351,0.21554547548294067,0.3912334442138672,0.39322108030319214,4.1512447776156924e-13
image_000352,0.08764293044805527,5.520270497072488e-05,0.9123018383979797,8.740934191731053e-12
image_000353,0.9108221530914307,7.701381946390029e-06,0.0891701802611351,3.257238700982157e-09
image_000354,0.00045344559475779533,0.9984246492385864,0.0011051315814256668,1.6778023564256728e-05
image_000355,0.00027004489675164223,0.9991158843040466,0.0006141099147498608,1.70156860823667e-10
image_000356,0.5819372534751892,0.013431919738650322,0.40341153740882874,0.0012193192960694432
image_000357,0.5846084356307983,0.0030845238361507654,0.4121691584587097,0.0001380136382067576
image_000358,0.845964789390564,0.002949649002403021,0.15078292787075043,0.0003026765480171889
image_000359,0.49181970953941345,0.30916979908943176,0.18196022510528564,0.01705021783709526
image_000360,0.3418743312358856,0.019015390425920486,0.6391103267669678,1.875527727915327e-12
image_000361,0.9687300324440002,0.004259699024260044,0.02681872434914112,0.00019163775141350925
image_000362,0.5929397344589233,0.0021208839025348425,0.40493932366371155,5.199281790510233e-18
image_000363,0.8386382460594177,0.0011845764238387346,0.1583540141582489,0.0018232116708531976
image_000364,0.002548628719523549,0.00030329442233778536,0.0005110504571348429,0.9966369867324829
image_000365,0.8334571719169617,0.008287135511636734,0.15822289884090424,3.279490192653611e-05
image_000366,6.928076618351042e-05,0.9979200959205627,0.002010700525715947,9.674423864756434e-16
image_000367,0.019454412162303925,0.9583009481430054,0.022092463448643684,0.00015211844583973289
image_000368,0.0007700106361880898,0.9971157312393188,0.0021143127232789993,8.269184448295164e-09
image_000369,0.9642302989959717,0.0004867126408498734,0.03527515381574631,7.800828825565986e-06
image_000370,0.9575774073600769,1.569420419400558e-05,0.04240673780441284,2.5783191404116224e-07
image_000371,0.0010027735261246562,0.0007980353548191488,0.0001011295389616862,0.9980980753898621
image_000372,0.5864306092262268,3.745717549463734e-05,0.41353198885917664,4.3493428303342796e-10
image_000373,0.5437361001968384,6.807475438108668e-05,0.4561957120895386,5.61406210408677e-08
image_000374,0.2947711944580078,0.6390269994735718,0.06620176881551743,8.337767698485266e-10
image_000375,0.0011606750776991248,0.9982085227966309,0.000546578667126596,8.419380174018443e-05
image_000376,0.0005969157791696489,0.0005685246433131397,0.0001267780171474442,0.9987077713012695
image_000377,0.8149530291557312,0.0047096796333789825,0.18016867339611053,0.00016867241356521845
image_000378,0.00035034900065511465,0.00025333696976304054,6.613595178350806e-05,0.9993301630020142
image_000379,0.0013192284386605024,0.0006635107565671206,0.0003634172317106277,0.9976539015769958
image_000380,0.02749054878950119,0.9574794769287109,0.015030032023787498,3.663168612888512e-08
image_000381,0.5066781044006348,0.377004474401474,0.03110128454864025,0.08521607518196106
image_000382,0.005151220131665468,0.992527961730957,0.0023202120792120695,5.775851832368062e-07
image_000383,0.034154146909713745,4.201672345516272e-05,0.965803861618042,1.6370680217838992e-17
image_000384,0.04730520397424698,0.0027932929806411266,0.007913182489573956,0.9419883489608765
image_000385,0.6285638809204102,0.000152083215652965,0.37128379940986633,2.0975807046852424e-07
image_000386,0.9674361348152161,0.000301136082271114,0.03226269781589508,1.239546524233956e-13
image_000387,1.962968599400483e-05,0.9999532699584961,2.7062755179940723e-05,2.136735899327391e-09
image_000388,0.5450893044471741,0.0013927713735029101,0.4535171091556549,8.529691513103899e-07
image_000389,0.013960665091872215,0.9774169921875,0.008622442372143269,1.2828066608960853e-08
image_000390,0.9514451026916504,2.3220254661282524e-05,0.04810352250933647,0.0004282151930965483
image_000391,0.9815592765808105,0.0018283604877069592,0.016612252220511436,6.349423653517761e-09
image_000392,0.8734599351882935,7.388184167211875e-05,0.12642109394073486,4.501188232097775e-05
image_000393,2.040943036263343e-05,0.9999383687973022,4.124096449231729e-05,6.992188539322111e-14
image_000394,0.0005061523988842964,0.9976603984832764,0.0018324310658499599,9.136283551924862e-07
image_000395,0.321045458316803,0.48373839259147644,0.19517970085144043,3.6461766285356134e-05
image_000396,0.009809859097003937,0.9840138554573059,0.00617627426981926,1.766757157239951e-10
image_000397,0.9672872424125671,0.0003302122058812529,0.0323825478553772,2.4387994878791175e-13
image_000398,0.05133729428052902,0.006576573010534048,0.0037825428880751133,0.9383036494255066
image_000399,0.32414424419403076,0.6173378229141235,0.055107131600379944,0.003410783363506198
image_000400,0.8562626838684082,0.0017611575312912464,0.14136286079883575,0.0006132630514912307
image_000401,0.0010574755724519491,0.0007398169836960733,0.0001247248874278739,0.9980779886245728
image_000402,0.05470270663499832,0.9311027526855469,0.01360347680747509,0.000591200077906251
image_000403,0.0007801434257999063,0.0002952039649244398,0.0001371759281028062,0.9987874627113342
image_000404,0.8595774173736572,0.00021469881176017225,0.14020755887031555,4.0469987538926944e-07
image_000405,0.2513340711593628,8.861117385094985e-05,0.7485772967338562,5.6334940184976645e-11
image_000406,0.00883792620152235,0.990490198135376,0.0006718197255395353,7.653456202127984e-10
image_000407,1.8784597841658979e-06,0.9999964237213135,1.6660590063111158e-06,1.5737669351797886e-23
image_000408,0.11678489297628403,0.8664112687110901,0.012715298682451248,0.004088470246642828
image_000409,0.0028837439604103565,0.0008682202314957976,0.0003296555078122765,0.9959184527397156
image_000410,0.00301688932813704,0.994152843952179,0.002830278128385544,5.936727220934301e-10
image_000411,0.005435910541564226,0.0002465846191626042,0.0004719833377748728,0.993845522403717
image_000412,0.16676542162895203,0.14686761796474457,0.6863669753074646,9.693580981847553e-25
image_000413,0.0007366465288214386,0.0006226900732144713,9.643486555432901e-05,0.9985442161560059
image_000414,0.9648234248161316,0.0006977695738896728,0.03447674587368965,2.027101572821266e-06
image_000415,0.0002529453195165843,4.1691444494063035e-05,2.958227378258016e-05,0.9996757507324219
image_000416,0.0001316332636633888,0.00038103878614492714,4.0534123399993405e-05,0.9994468092918396
image_000417,0.5900946855545044,0.031207149848341942,0.3786981999874115,7.132862300807119e-09
image_000418,0.0005383866373449564,0.9976691603660583,0.001792464405298233,1.9759390792409987e-13
image_000419,0.9414571523666382,0.0053779915906488895,0.0505274198949337,0.0026375125162303448
image_000420,0.0008508473983965814,0.9958078861236572,0.003341331146657467,9.187120516245114e-16
image_000421,0.015310533344745636,0.9727197885513306,0.011919267475605011,5.043857890996151e-05
image_000422,0.6365472078323364,5.3963631216902286e-05,0.3633842468261719,1.4677084436698351e-05
image_000423,0.0013131247833371162,0.0029513793997466564,0.0003243206301704049,0.995411217212677
image_000424,0.007303609047085047,0.9780125021934509,0.014429048635065556,0.00025470589753240347
image_000425,0.0023472970351576805,0.00048047155723907053,0.0002799740759655833,0.9968922734260559
image_000426,0.35810407996177673,0.00020141119603067636,0.6412685513496399,0.00042597641004249454
image_000427,0.0014115097001194954,0.000956910545937717,0.00023766561935190111,0.9973938465118408
image_000428,0.9808659553527832,2.5628050934756175e-05,0.019108396023511887,2.975425772433482e-08
image_000429,0.4491097927093506,5.0794213166227564e-05,0.5508394241333008,1.0519214832527268e-08
image_000430,6.092711191740818e-05,0.9992823004722595,0.0006568776443600655,1.5970237120218396e-17
image_000431,0.00019635817443486303,0.9996052384376526,0.00019813049584627151,2.4129408870976476e-07
image_000432,0.9161087274551392,3.4705601137829944e-05,0.08385651558637619,1.9891637226265857e-09
image_000433,0.000157558053615503,0.9981056451797485,0.0017367887776345015,8.125860553008513e-13
image_000434,0.015433387830853462,0.9792280197143555,0.004565007984638214,0.0007735600229352713
image_000435,0.00016313680680468678,0.9995777010917664,0.0002591317752376199,1.8660649414581343e-11
image_000436,0.00014995349920354784,0.9967637062072754,0.0030863459687680006,3.738698344155463e-16
image_000437,0.8492099642753601,0.000500083202496171,0.14966195821762085,0.0006280355155467987
image_000438,0.9584190845489502,0.0033733404707163572,0.03811083361506462,9.681520896265283e-05
image_000439,2.2281376459432067e-06,0.999962568283081,3.516198921715841e-05,3.6140090961777456e-22
image_000440,0.0001333356340182945,0.9989207983016968,0.0009458055719733238,1.5912318684918603e-10
image_000441,0.07327040284872055,0.7639600038528442,0.16276955604553223,2.4829806613557714e-11
image_000442,0.09518246352672577,0.8421816825866699,0.06263433396816254,1.4653795687991078e-06
image_000443,0.03371734917163849,0.9405942559242249,0.004102131351828575,0.021586256101727486
image_000444,0.029981713742017746,0.03873199224472046,0.009830311872065067,0.921455979347229
image_000445,0.0003200994397047907,0.0002625403576530516,1.0417703379062004e-05,0.9994069337844849
image_000446,0.8118696212768555,1.2945908565598074e-05,0.18811742961406708,9.4154384289169e-10
image_000447,0.932910680770874,0.0059010423719882965,0.06085347756743431,0.00033482874277979136
image_000448,0.5906679630279541,0.02715657278895378,0.3821754455566406,2.0401765189354004e-20
image_000449,0.00016492832219228148,0.9992101192474365,0.0006248315330594778,5.730976804230181e-10
image_000450,0.0018321472452953458,0.0022497596219182014,0.00029681972227990627,0.9956212639808655
image_000451,0.0019825755152851343,0.0001448851835448295,0.00016054895240813494,0.9977120161056519
image_000452,0.9469733238220215,0.00026842334773391485,0.05275826156139374,4.06902289640243e-12
image_000453,0.49764537811279297,0.009875042364001274,0.4924795627593994,5.849046802453017e-10
image_000454,2.4064385797828436e-05,0.9999442100524902,3.175914389430545e-05,1.8835327387795047e-16
image_000455,0.3879849314689636,0.001981605077162385,0.6100334525108337,5.558716820175391e-10
image_000456,0.0004883371293544769,5.265436993795447e-05,2.5736637326190248e-05,0.9994332194328308
image_000457,0.4377480149269104,0.0003662653616629541,0.561872661113739,1.305622481595492e-05
image_000458,0.0006872202502563596,0.0008301542839035392,0.0001222621649503708,0.9983603358268738
image_000459,0.08313977718353271,0.8487135767936707,0.06726092100143433,0.0008856347994878888
image_000460,0.9292661547660828,0.013345594517886639,0.05708049610257149,0.00030779975350014865
image_000461,4.221448762109503e-05,0.9998494386672974,0.0001083987663150765,1.822817985441816e-08
image_000462,0.0005780512583442032,0.9985621571540833,0.0008590826182626188,7.220349971248652e-07
image_000463,0.8337812423706055,0.02298920229077339,0.138890340924263,0.004339211620390415
image_000464,0.91777503490448,4.764197001350112e-05,0.08217739313840866,2.507735130663491e-10
image_000465,0.0559258796274662,0.0007164265844039619,0.0004773882101289928,0.9428802728652954
image_000466,0.6636644005775452,0.0022910551633685827,0.3340389132499695,5.5114364840846974e-06
image_000467,0.006586597766727209,0.9711198210716248,0.004740225151181221,0.017553333193063736
image_000468,0.7366913557052612,0.003254154697060585,0.2585095465183258,0.0015448170015588403
image_000469,0.2459801733493805,0.17687027156352997,0.5771495699882507,1.440964795401678e-11
image_000470,0.8539584279060364,5.4005060519557446e-05,0.14598749577999115,1.339953037415853e-09
image_000471,0.049044348299503326,0.005051909945905209,0.0114588662981987,0.9344449043273926
image_000472,0.0003069148224312812,0.9984127283096313,0.0012803322169929743,1.2754774125767199e-08
image_000473,0.5490302443504333,0.00010627648589434102,0.45086345076560974,2.9084612322705095e-13
image_000474,0.4856301248073578,0.001972504425793886,0.512397289276123,7.274177704630347e-09
image_000475,0.00012595258885994554,0.999687910079956,0.00018612686835695058,5.098765647974096e-15
image_000476,0.905430018901825,0.0002205493947258219,0.09434911608695984,3.202293328286032e-07
image_000477,0.0021082658786326647,0.9970256686210632,0.0008638701983727515,2.2322910808725283e-06
image_000478,0.4686035215854645,7.500317587982863e-05,0.5313214063644409,2.5534930513635996e-16
image_000479,4.587146395351738e-05,0.9998852014541626,6.892929377499968e-05,1.1108938691359128e-19
image_000480,0.0002241204201709479,0.9992468357086182,0.0005290720146149397,5.165467165113569e-09
image_000481,0.8914024829864502,0.0009747252915985882,0.10762274265289307,1.6482154308050667e-08
image_000482,0.4696182608604431,0.00011321479541948065,0.5302684903144836,2.735806806791752e-12
image_000483,0.010882730595767498,0.0005391873419284821,0.0007308925269171596,0.9878472089767456
image_000484,0.239737406373024,0.0007489531417377293,0.7595136761665344,9.39452057813206e-11
image_000485,0.005393567960709333,0.0027780933305621147,0.0004783795739058405,0.9913499355316162
image_000486,0.9556088447570801,3.101472611888312e-05,0.04436018317937851,2.5549239807132196e-11
image_000487,0.001406474388204515,0.00034608112764544785,0.0002648778026923537,0.9979825019836426
image_000488,0.0024782794062048197,0.00039696303429082036,6.200806092238054e-05,0.9970627427101135
image_000489,0.000525471696164459,0.9976252913475037,0.0017489116871729493,0.00010039434710051864
image_000490,0.7155984044075012,0.23703217506408691,0.04736941680312157,3.725988406699798e-09
image_000491,0.0012040475849062204,0.9982168078422546,0.0005754651501774788,3.630286983025144e-06
image_000492,0.7753593325614929,0.0003031207888852805,0.2243375927209854,4.970117026270593e-11
image_000493,0.7493686676025391,0.003986997064203024,0.24595460295677185,0.0006898347637616098
image_000494,0.42191359400749207,0.00023372536816168576,0.5778197646141052,3.2837942853802815e-05
image_000495,0.2841034233570099,8.865496783982962e-05,0.7158079147338867,1.3727773529471216e-13
image_000496,0.000413035653764382,0.9990723133087158,0.0005146659095771611,2.1203589994911454e-08
image_000497,0.0002870034659281373,0.9991783499717712,0.0005346076213754714,1.2191578475928555e-11
image_000498,0.000748512102290988,0.0005525175365619361,6.97178766131401e-05,0.9986293315887451
image_000499,0.4599910080432892,4.710204666480422e-05,0.5399618148803711,3.8834660487374606e-10
image_000500,0.6848433017730713,0.1697600930929184,0.14216409623622894,0.0032325172796845436
image_000501,0.7809694409370422,0.00030725731630809605,0.21872270107269287,6.617054850721615e-07
image_000502,0.9865017533302307,0.001522688427940011,0.011975541710853577,2.4945551180266534e-10
image_000503,0.901324987411499,0.01635669358074665,0.08200070261955261,0.0003177141770720482
image_000504,0.9726552963256836,4.38935894635506e-05,0.02730080857872963,8.056663843014622e-12
image_000505,0.0018570617539808154,0.0018382983980700374,0.0002152090601157397,0.9960894584655762
image_000506,0.06673174351453781,2.658107587194536e-05,0.9332416653633118,5.557881932460873e-10
image_000507,0.0012309015728533268,0.0003389265912119299,3.1054983992362395e-05,0.9983990788459778
image_000508,0.009815572760999203,0.9871231317520142,0.003058250527828932,3.0292562769318465e-06
image_000509,0.6086850166320801,0.0009931507520377636,0.39032167196273804,1.4485453903034795e-07
image_000510,0.5980029106140137,0.0009890529327094555,0.40100806951522827,1.1945120185954256e-13
image_000511,0.9148393273353577,0.0005371570587158203,0.08460848033428192,1.5167003766691778e-05
image_000512,0.0013697411632165313,1.9559094653232023e-05,9.026489715324715e-05,0.9985204339027405
image_000513,0.8543013334274292,0.0001390522811561823,0.14546777307987213,9.181139466818422e-05
image_000514,0.9054443836212158,0.00020705634960904717,0.0941581130027771,0.00019046386296395212
image_000515,0.4382525682449341,0.00037393681122921407,0.5611720085144043,0.00020147825125604868
image_000516,0.7231823801994324,7.272823131643236e-05,0.2767447233200073,1.586298168376743e-07
image_000517,0.00043165357783436775,6.7189808760304e-05,2.2284333681454882e-05,0.9994788765907288
image_000518,0.010359727777540684,0.9732305407524109,0.005643288139253855,0.010766434483230114
image_000519,0.0034860027953982353,0.0008777615148574114,0.00023393973242491484,0.9954023361206055
image_000520,0.8031867146492004,6.299319647951052e-05,0.19675026834011078,1.6723784579397716e-09
image_000521,2.6152931241085753e-05,0.999890923500061,8.246201468864456e-05,4.37331351577086e-07
image_000522,0.01606753282248974,0.9741000533103943,0.009823206812143326,9.117967238125857e-06
image_000523,0.6966726779937744,4.874261503573507e-05,0.30327850580215454,2.6976251094046333e-11
image_000524,0.0009418462286703289,0.00014134681259747595,8.34680613479577e-05,0.9988333582878113
image_000525,0.0009721106034703553,0.000811816833447665,0.00035481719532981515,0.9978612065315247
image_000526,0.0013080802746117115,0.0005378117202781141,0.0001278714626096189,0.9980261921882629
image_000527,0.0035951167810708284,0.0015824089059606194,0.00036624650238081813,0.9944562315940857
image_000528,0.5198864936828613,0.006311649922281504,0.4738016426563263,2.778333509922959e-07
image_000529,0.019663579761981964,0.0016349282814189792,0.0026844856329262257,0.9760169386863708
image_000530,0.41765478253364563,0.2838509976863861,0.2984941899776459,3.0643832360510714e-08
image_000531,0.0009585815714672208,0.0012926555937156081,0.0001174959761556238,0.9976311922073364
image_000532,4.0175287722377107e-05,2.580634281912353e-05,1.1332915619277628e-06,0.9999328851699829
image_000533,0.007565654348582029,0.9869855046272278,0.005448808427900076,7.912307253832296e-09
image_000534,0.0003974050050601363,6.391394708771259e-05,3.892677341355011e-05,0.9994997978210449
image_000535,0.027359047904610634,0.0010216347873210907,0.011617682874202728,0.9600017070770264
image_000536,0.03577829524874687,0.9535489082336426,0.010672789998352528,5.929375175341488e-24
image_000537,0.0008927242597565055,0.9971861243247986,0.0019211615435779095,4.139594273530595e-16
image_000538,0.00020836434850934893,0.000313577736960724,1.8940812879009172e-05,0.9994590878486633
image_000539,0.0002005812420975417,0.9996916055679321,0.00010783131438074633,2.4354354977162984e-08
image_000540,0.02056133933365345,0.9616997838020325,0.011231433600187302,0.006507502403110266
image_000541,0.7189738154411316,2.32644106290536e-05,0.28097671270370483,2.6190802600467578e-05
image_000542,0.03497566655278206,0.9395257234573364,0.005096361506730318,0.02040231227874756
image_000543,0.001379393390379846,0.9965837001800537,0.002036819700151682,1.202800498090184e-10
image_000544,0.8287702798843384,0.0020721221808344126,0.16843625903129578,0.0007213377393782139
image_000545,0.4381413459777832,0.0010364326881244779,0.5608221888542175,2.6261711028041645e-08
image_000546,0.2187497615814209,0.10208927094936371,0.679161012172699,2.928824785236768e-15
image_000547,0.9877086877822876,6.116062195360428e-06,0.012285154312849045,1.0709532149988377e-09
image_000548,0.7565832138061523,0.014720710925757885,0.2286960333585739,1.5236594208545284e-08
image_000549,0.008494142442941666,0.000279214174952358,0.0002850934106390923,0.99094158411026
image_000550,0.5811989903450012,0.0001527672866359353,0.41864827275276184,3.9314707045434716e-09
image_000551,0.019922025501728058,0.004047323949635029,0.0025627180002629757,0.9734679460525513
image_000552,0.00017729168757796288,4.079676727997139e-05,8.744972546992358e-06,0.9997732043266296
image_000553,0.6270601153373718,0.017626209184527397,0.15759462118148804,0.19771911203861237
image_000554,0.0007927870028652251,0.000452517531812191,9.742847760207951e-05,0.9986572265625
image_000555,0.0007859542965888977,0.0005767497350461781,0.00011805127724073827,0.998519241809845
image_000556,0.906510591506958,0.017386311665177345,0.0614621601998806,0.014640966430306435
image_000557,0.00034012921969406307,1.4312226994661614e-05,1.5751995306345634e-05,0.9996297359466553
image_000558,0.002524564042687416,0.0020127820316702127,0.00040832036756910384,0.9950543642044067
image_000559,0.0028087988030165434,0.9958512783050537,0.0013382576871663332,1.7034477650668123e-06
image_000560,0.0003056769201066345,0.9977903366088867,0.0019039828330278397,3.686997200060514e-14
image_000561,0.9970306158065796,0.00014998449478298426,0.0027971146628260612,2.2192129108589143e-05
image_000562,6.474245310528204e-05,0.9996563196182251,0.00027901618159376085,2.8801028677755494e-16
image_000563,0.4388383626937866,0.06729671359062195,0.4910014271736145,0.002863505156710744
image_000564,0.002959152916446328,0.9920754432678223,0.0049654580652713776,3.806795503824567e-11
image_000565,0.0007245943997986615,0.00025298993568867445,3.76101270376239e-05,0.9989847540855408
image_000566,0.9359031915664673,0.00013717541878577322,0.06395955383777618,4.221922367264597e-09
image_000567,0.00015626806998625398,0.9981642365455627,0.0016795481787994504,6.544633279759182e-09
image_000568,0.02978339232504368,0.001339618698693812,0.9688770174980164,5.9815828917485835e-19
image_000569,0.44652605056762695,1.1607597798501956e-06,0.5534727573394775,8.562865000394382e-11
image_000570,0.0007056560134515166,0.00026963066193275154,2.9585204174509272e-05,0.9989951252937317
image_000571,0.0004216669767629355,0.00039970665238797665,8.05890595074743e-05,0.9990980625152588
image_000572,0.8309399485588074,4.759955118061043e-05,0.1690111607313156,1.267358243239869e-06
image_000573,0.5069147944450378,0.005286562722176313,0.4426126182079315,0.045186057686805725
image_000574,0.00031139704515226185,0.0007570737507194281,6.47181659587659e-05,0.9988667964935303
image_000575,0.5873576402664185,0.18665076792240143,0.22137966752052307,0.004611834418028593
image_000576,0.9244518280029297,0.0003934714768547565,0.07329007983207703,0.0018646694952622056
image_000577,0.0006845975294709206,0.9988308548927307,0.00047562061809003353,8.877834261511452e-06
image_000578,0.0005883435369469225,0.9980487823486328,0.0013628730084747076,1.2740630772611894e-10
image_000579,0.00047673904919065535,0.0006386111490428448,0.0001002361677819863,0.9987844824790955
image_000580,0.8774836659431458,0.0002576115366537124,0.11870411783456802,0.0035545052960515022
image_000581,0.4767961800098419,0.0006246113334782422,0.5209460258483887,0.0016331546939909458
image_000582,0.00013905840751249343,5.275530565995723e-05,1.4488117813016288e-05,0.9997937083244324
image_000583,0.0003265949781052768,0.9996147155761719,5.482369306264445e-05,3.768963779293699e-06
image_000584,0.00022698416432831436,0.0001973152393475175,1.2938244253746234e-05,0.9995627999305725
image_000585,0.5686622858047485,4.796092980541289e-05,0.43128982186317444,2.862322645569293e-08
image_000586,0.0005122764850966632,1.2695510122284759e-05,8.710846486792434e-06,0.9994663596153259
image_000587,0.8931680917739868,0.011803959496319294,0.09441088140010834,0.0006170736742205918
image_000588,0.00015203731891233474,0.9987286925315857,0.0011192609090358019,8.867621264022074e-13
image_000589,0.42438387870788574,7.869059118092991e-06,0.5756081938743591,1.9446975974002356e-10
image_000590,0.7466239333152771,0.00407093670219183,0.2169981747865677,0.03230692446231842
image_000591,0.001727583003230393,0.0003064685733988881,0.00016976094048004597,0.9977961778640747
image_000592,0.4049745202064514,7.138201908674091e-05,0.5949540734291077,4.238106754428372e-09
image_000593,0.001602718373760581,0.0002085214655380696,3.908813596353866e-05,0.9981497526168823
image_000594,0.005230846349149942,0.9527365565299988,0.04203270003199577,2.452060499091857e-10
image_000595,0.8863824009895325,6.561866757692769e-05,0.11355002969503403,1.902645294649119e-06
image_000596,0.5163537263870239,0.11733286082744598,0.09194543212652206,0.2743680477142334
image_000597,0.00018485970213077962,0.9991501569747925,0.0006649537244811654,9.241867220241475e-15
image_000598,0.003677693195641041,0.0005817959900014102,0.0005064397701062262,0.9952340722084045
image_000599,0.0009025116451084614,0.9982851147651672,0.00081236771075055,3.2688912340872456e-14
image_000600,0.8251887559890747,6.035021579009481e-05,0.17472977936267853,2.1039268176537007e-05
image_000601,0.4775391221046448,0.2184092402458191,0.30405163764953613,5.048535811624788e-08
image_000602,0.009420448914170265,0.005397598259150982,0.0020641954615712166,0.9831178188323975
image_000603,0.0029272676911205053,0.9621117115020752,0.034960996359586716,3.882776530941441e-24
image_000604,0.007985108532011509,0.9873608350753784,0.004045602399855852,0.0006085041677579284
image_000605,0.0023466588463634253,0.0002158135612262413,0.0001616637164261192,0.9972758889198303
image_000606,0.21667589247226715,0.0013794989790767431,0.7819446325302124,1.4152028073727285e-12
image_000607,0.9589020013809204,2.4518931240891106e-05,0.04100513830780983,6.838241097284481e-05
image_000608,0.002102359663695097,0.9919121265411377,0.005985424853861332,6.89911738849247e-11
image_000609,0.6056224703788757,0.1684236228466034,0.2259538322687149,7.768134226149304e-12
image_000610,0.000495659769512713,0.00030951754888519645,3.451391967246309e-05,0.9991602897644043
image_000611,0.0052040936425328255,0.006310533732175827,0.00020117608073633164,0.9882842302322388
image_000612,0.0018196324817836285,0.9968724846839905,0.0012847600737586617,2.3163513105828315e-05
image_000613,0.9908932447433472,0.00011457907385192811,0.008966195397078991,2.5952736905310303e-05
image_000614,0.05172833800315857,0.005061469506472349,0.006748020648956299,0.9364621639251709
image_000615,0.005770537536591291,0.990933895111084,0.0032956069335341454,8.832295238266736e-16
image_000616,0.5082945823669434,0.008236700668931007,0.4834687411785126,3.684807570181192e-09
image_000617,0.5938522815704346,0.0005951380589976907,0.40555259585380554,3.6015586069026995e-09
image_000618,0.8035662174224854,4.901915417576674e-06,0.19642490148544312,3.8918497011763975e-06
image_000619,0.002339156810194254,0.9963783621788025,0.0012824222212657332,1.2629174150902145e-08
image_000620,0.0017834976315498352,0.0007891021086834371,0.0002510735939722508,0.9971762895584106
image_000621,0.28948521614074707,0.08235056698322296,0.6281642317771912,2.2090401730068265e-10
image_000622,0.6166943311691284,0.007118835113942623,0.37618523836135864,1.5888841744526871e-06
image_000623,0.001504912506788969,0.00040522834751755,9.615621820557863e-05,0.9979937076568604
image_000624,0.0022650982718914747,0.0004707526823040098,0.00013250397751107812,0.9971315860748291
image_000625,0.8809247016906738,0.00020628624770324677,0.11886797100305557,1.0906906027230434e-06
image_000626,0.000723763310816139,0.9985853433609009,0.0006908652139827609,8.616003045844745e-15
